Ensembl ID,Symbol,Alias symbol,Total_Support,Is Oncogene,Is Tumor Suppressor Gene,In OnkoKB,PubmedID
ENSG00000068078,FGFR3,"ACH, CD333, CEK2, JTK4",-1014,Yes,No,True,
,Dopamine,,-1016,,,False,
,SEROTONIN,,-1018,,,False,
,CK1e,,-1020,,,False,
ENSG00000117601,SERPINC1,,-1020,,,False,
,NE,,-1022,,,False,
,PKI,,-1022,,,False,
,ENKEPHALIN,,-1022,,,False,
,Nrdp1,,-1022,,,False,
,IL-13,,-1022,,,False,
,Sara,,-1024,,,False,
,CHOLESTEROL,,-1024,,,False,
,Calpastatin,,-1024,,,False,
,IKBB,,-1026,,,False,
,BRADYKININ,,-1026,,,False,
,CERAMIDE,,-1026,,,False,
,ADENOSINE,,-1026,,,False,
ENSG00000189056,RELN,"PRO1598, RL",-1026,No,No,True,
,SS,,-1026,,,False,
,PDGF,,-1026,,,False,
,AMP,,-1026,,,False,
,PDZGEF,,-1026,,,False,
,RGS,,-1026,,,False,
,IRAK-M,,-1026,,,False,
ENSG00000106003,LFNG,,-1028,,,False,
,ILPIP,,-1028,,,False,
ENSG00000151694,ADAM17,,-1028,,,False,
,Ins,,-1028,,,False,
ENSG00000160181,TFF2,,-1028,,,False,
,ANANDAMIDE,,-1028,,,False,
ENSG00000132530,XAF1,,-1028,,,False,
,PAF,,-1028,,,False,
ENSG00000127314,RAP1B,,-1028,,,False,
,SEC63P,,-1028,,,False,
ENSG00000262418,PTPRC,"CD45, T200",-1028,No,No,True,
ENSG00000196396,PTPN1,PTP1B,-1028,Yes,Yes,True,
,GC1,,-1028,,,False,
,F13,,-1028,,,False,
ENSG00000100060,MFNG,,-1028,,,False,
,ARTS,,-1028,,,False,
,EPHRIN,,-1028,,,False,
,Ab-R,,-1028,,,False,
ENSG00000140564,FURIN,"FUR, PACE, PCSK3",-1028,Yes,No,True,
,dsRNA,,-1028,,,False,
ENSG00000088926,F11,,-1028,,,False,
ENSG00000100852,ARHGAP5,,-1028,,,False,
,Forskolin,,-1028,,,False,
ENSG00000176697,BDNF,,-1028,,,False,
ENSG00000174697,LEP,,-1028,,,False,
,Gat2,,-1028,,,False,
ENSG00000160182,TFF1,,-1028,,,False,
,GLYT1,,-1028,,,False,
,SKIP,,-1030,,,False,
ENSG00000151422,FER,,-1030,,,False,
ENSG00000127616,SMARCA4,"BRG1, FLJ39786, SNF2-BETA, SNF2L4, hSNF2b",-1030,No,Yes,True,
,FIBRONECTIN,,-1030,,,False,
ENSG00000105290,APLP1,,-1030,,,False,
ENSG00000089820,ARHGAP4,,-1030,,,False,
ENSG00000101200,AVP,,-1030,,,False,
ENSG00000184588,PDE4B,,-1030,,,False,
,GAIP,,-1030,,,False,
ENSG00000105650,PDE4C,,-1030,,,False,
,THRAP2,,-1030,,,False,
ENSG00000065989,PDE4A,,-1030,,,False,
,Tpl-2,,-1030,,,False,
ENSG00000047648,ARHGAP6,,-1030,,,False,
,PA,,-1030,,,False,
,NRG,,-1030,,,False,
,UBE1L,,-1030,,,False,
ENSG00000132694,ARHGEF11,,-1030,,,False,
ENSG00000284933,ARHGEF5,,-1030,,,False,
ENSG00000137845,ADAM10,,-1030,,,False,
ENSG00000168621,GDNF,,-1030,,,False,
,MP1,,-1030,,,False,
,GLUTAMATE,,-1030,,,False,
,MKP5,,-1030,,,False,
,CAMKPASE,,-1030,,,False,
ENSG00000117152,RGS4,,-1030,,,False,
ENSG00000178562,CD28,,-1030,Yes,No,True,
,Hsp60,,-1030,,,False,
,K+,,-1030,,,False,
,DHPG,,-1030,,,False,
,DEFCAP,,-1030,,,False,
ENSG00000081985,IL12RB2,,-1030,,,False,
ENSG00000163599,CTLA4,"CD152, CELIAC3, CTLA-4, GSE, IDDM12",-1030,Yes,No,True,
,CryAB,,-1030,,,False,
,Cby,,-1030,,,False,
ENSG00000128656,CHN1,"ARHGAP2, CHN, DURS2, n-chimerin",-1030,No,No,True,
,HBX,,-1030,,,False,
ENSG00000275618,BFAR,,-1030,,,False,
ENSG00000129675,ARHGEF6,,-1030,,,False,
,GNA16,,-1030,,,False,
ENSG00000131095,GFAP,,-1030,,,False,
ENSG00000165879,FRAT1,,-1030,,,False,
,Fe,,-1030,,,False,
,IFNA,,-1030,,,False,
,nPKC,,-1030,,,False,
,Pygo,,-1030,,,False,
ENSG00000130829,DUSP9,"MKP-4, MKP4",-1030,No,No,True,
,PTP,,-1030,,,False,
ENSG00000281857,SAG,,-1030,,,False,
ENSG00000067082,KLF6,"BCD1, COPEB, CPBP, GBF, PAC1, ST12, Zf9",-1030,No,No,True,
,DYRK,,-1030,,,False,
,VITRONECTIN,,-1030,,,False,
ENSG00000115596,WNT6,,-1030,,,False,
,Mos,,-1030,,,False,
,Catalase,,-1030,,,False,
ENSG00000170458,CD14,,-1030,,,False,
,PI-4-P5K,,-1030,,,False,
,MKP3,,-1030,,,False,
,MKP2,,-1030,,,False,
,M3/6,,-1030,,,False,
ENSG00000005882,PDK2,,-1030,,,False,
,PCLy,,-1030,,,False,
,P2,,-1030,,,False,
,TRYPSIN,,-1030,,,False,
ENSG00000078098,FAP,,-1030,,,False,
ENSG00000103197,TSC2,"LAM, PPP1R160, TSC4, tuberin",-1030,No,Yes,True,
,COLLAGEN,,-1030,,,False,
,AMISYN,,-1030,,,False,
ENSG00000285372,TNKS,,-1030,,,False,
,ACHRE,,-1030,,,False,
,BAP31,,-1030,,,False,
ENSG00000038382,TRIO,,-1030,,,False,
,TSA,,-1030,,,False,
ENSG00000137673,MMP7,,-1030,,,False,
,CALBRAIN,,-1030,,,False,
,Nucling,,-1032,,,False,
,PDI,,-1032,,,False,
,DcR3,,-1032,,,False,
,SIAH,,-1032,,,False,
,dATP,,-1032,,,False,
,GPx,,-1032,,,False,
,SA,,-1032,,,False,
,Aven,,-1032,,,False,
ENSG00000113658,SMAD5,,-1032,,,False,
,GRP1,,-1032,,,False,
ENSG00000100664,EIF5,,-1032,,,False,
ENSG00000012983,MAP4K5,,-1032,,,False,
ENSG00000100749,VRK1,,-1032,,,False,
ENSG00000104687,GSR,,-1032,,,False,
,SYNTAPHILIN,,-1032,,,False,
ENSG00000180644,PRF1,"HPLH2, PFP",-1032,No,No,True,
ENSG00000149089,APIP,,-1032,,,False,
,DLC2,,-1032,,,False,
,FOUREBP1,,-1032,,,False,
,TWIST,,-1032,,,False,
,ZAK,,-1032,,,False,
,NEUROFIBROMIN,,-1032,,,False,
,UbiL,,-1032,,,False,
ENSG00000112715,VEGFA,"VEGF, VEGF-A, VPF",-1032,Yes,No,True,
ENSG00000128052,KDR,"CD309, FLK1, VEGFR, VEGFR2",-1032,Yes,No,True,
,HRI,,-1032,,,False,
,I-mf,,-1032,,,False,
ENSG00000148848,ADAM12,,-1032,,,False,
,EFA6,,-1032,,,False,
ENSG00000147883,CDKN2B,"CDK4I, INK4B, MTS2, P15, TP15, p15INK4b",-1032,No,Yes,True,
ENSG00000073803,MAP3K13,"LZK, MEKK13",-1032,Yes,No,True,
,GCN2,,-1032,,,False,
,PERK,,-1032,,,False,
,FSH,,-1032,,,False,
ENSG00000121068,TBX2,,-1032,,,False,
,PAI1,,-1032,,,False,
ENSG00000198670,LPA,,-1032,,,False,
,ARFGEF,,-1032,,,False,
,ARFGAP,,-1032,,,False,
ENSG00000107485,GATA3,HDR,-1034,Yes,Yes,True,
ENSG00000171223,JUNB,,-1034,,,False,
ENSG00000174130,TLR6,,-1034,,,False,
,JNK3,,-1034,,,False,
,PAR2,,-1034,,,False,
ENSG00000185386,MAPK11,,-1034,,,False,
ENSG00000148053,NTRK2,TRKB,-1034,Yes,No,True,
,NTF5,,-1034,,,False,
ENSG00000101680,LAMA1,,-1034,,,False,
,KB,,-1034,,,False,
ENSG00000147889,CDKN2A,"ARF, CDKN2, CMM2, INK4, INK4a, MLM, p14, p14ARF, p16, p16INK4a, p19Arf",-1034,No,Yes,True,
,Bmf,,-1034,,,False,
,O2,,-1034,,,False,
ENSG00000091136,LAMB1,,-1034,,,False,
ENSG00000007952,NOX1,,-1034,,,False,
ENSG00000135862,LAMC1,,-1034,,,False,
,Gads,,-1034,,,False,
,PDE2,,-1034,,,False,
,RNPK,,-1034,,,False,
ENSG00000166333,ILK,,-1034,,,False,
ENSG00000105397,TYK2,JTK1,-1034,Yes,No,True,
ENSG00000100324,TAB1,,-1034,,,False,
,Omi,,-1034,,,False,
,Insulin,,-1034,,,False,
,PDE,,-1034,,,False,
,NUR77,,-1034,,,False,
,ANKYRIN,,-1034,,,False,
,FKBP,,-1034,,,False,
ENSG00000164161,HHIP,,-1034,,,False,
ENSG00000113448,PDE4D,,-1034,,,False,
,CRAC,,-1034,,,False,
,IRAK,,-1034,,,False,
ENSG00000055208,TAB2,,-1034,,,False,
ENSG00000143801,PSEN2,,-1034,,,False,
ENSG00000180447,GAS1,,-1034,,,False,
ENSG00000184500,PROS1,,-1034,,,False,
ENSG00000164342,TLR3,,-1034,,,False,
,p6,,-1034,,,False,
,IKKe,,-1034,,,False,
ENSG00000183735,TBK1,,-1034,,,False,
ENSG00000065057,NTHL1,"NTH1, OCTS3",-1034,No,Yes,True,
ENSG00000115718,PROC,,-1034,,,False,
,REQ,,-1034,,,False,
,NO,,-1034,,,False,
,IBP,,-1034,,,False,
ENSG00000116678,LEPR,,-1034,,,False,
ENSG00000087095,NLK,,-1034,,,False,
,PKG,,-1034,,,False,
,IRSP53,,-1034,,,False,
ENSG00000174123,TLR10,,-1034,,,False,
ENSG00000129152,MYOD1,"MYF3, MYOD, bHLHc1",-1034,No,Yes,True,
ENSG00000174125,TLR1,,-1034,,,False,
ENSG00000198001,IRAK4,,-1034,,,False,
ENSG00000239732,TLR9,,-1034,,,False,
,p38gamma,,-1034,,,False,
ENSG00000135341,MAP3K7,"MEKK7, TAK1",-1034,Yes,No,True,
ENSG00000196664,TLR7,,-1034,,,False,
,SEK,,-1034,,,False,
ENSG00000090020,SLC9A1,,-1034,,,False,
ENSG00000152270,PDE3B,,-1034,,,False,
ENSG00000196782,MAML3,,-1034,,,False,
,MRLC,,-1034,,,False,
,myosin,,-1034,,,False,
,MYOSIN,,-1034,,,False,
,RLC,,-1034,,,False,
,MLCP,,-1034,,,False,
,ARNO,,-1034,,,False,
ENSG00000020922,MRE11,"ATLD, MRE11A",-1034,No,Yes,True,
ENSG00000113522,RAD50,"RAD50-2, hRad50",-1034,No,Yes,True,
ENSG00000150455,TIRAP,,-1034,,,False,
,MD-2,,-1034,,,False,
ENSG00000205581,HMGN1,,-1034,,,False,
,MIP1B,,-1034,,,False,
ENSG00000187554,TLR5,,-1034,,,False,
ENSG00000184916,JAG2,,-1034,,,False,
ENSG00000106683,LIMK1,,-1034,,,False,
,COFILIN1,,-1034,,,False,
ENSG00000134259,NGF,,-1034,,,False,
,LPS,,-1034,,,False,
ENSG00000155011,DKK2,,-1034,No,No,True,
,LXR,,-1034,,,False,
,MOR,,-1034,,,False,
ENSG00000179639,FCER1A,,-1034,,,False,
ENSG00000186716,BCR,"ALL, BCR1, CML, D22S11, D22S662, PHL",-1034,Yes,No,True,
ENSG00000066136,NFYC,,-1034,,,False,
ENSG00000177455,CD19,,-1034,Yes,No,True,
ENSG00000110514,MADD,,-1034,,,False,
ENSG00000120837,NFYB,,-1034,,,False,
ENSG00000001167,NFYA,,-1034,,,False,
ENSG00000105245,NUMBL,,-1034,,,False,
ENSG00000101916,TLR8,,-1034,,,False,
ENSG00000147889,CDKN2A,"ARF, CDKN2, CMM2, INK4, INK4a, MLM, p14, p14ARF, p16, p16INK4a, p19Arf",-1034,No,Yes,True,
,MAPKAP-K3,,-1034,,,False,
ENSG00000156711,MAPK13,,-1034,,,False,
ENSG00000284161,EEF2K,,-1034,,,False,
ENSG00000175197,DDIT3,"CHOP, CHOP10, GADD153",-1034,No,No,True,
,DYNEIN,,-1034,,,False,
ENSG00000172572,PDE3A,,-1034,,,False,
ENSG00000120063,GNA13,"G13, MGC46138",-1034,Yes,Yes,True,
,TUBBY,,-1034,,,False,
,RIN,,-1034,,,False,
,GC2,,-1034,,,False,
,GCSF,,-1034,,,False,
ENSG00000095752,IL11,,-1034,,,False,
,Importin,,-1034,,,False,
ENSG00000132341,RAN,,-1034,,,False,
,RIC,,-1034,,,False,
,GH,,-1034,,,False,
ENSG00000112964,GHR,,-1034,,,False,
,MPR,,-1034,,,False,
,glucocorticoid,,-1034,,,False,
,GMCSF,,-1034,,,False,
,RHOGEFs,,-1034,,,False,
,EDG2,,-1034,,,False,
,MEK5,,-1034,,,False,
,RADIXIN,,-1034,,,False,
ENSG00000154678,PDE1C,,-1034,,,False,
ENSG00000198959,TGM2,,-1034,,,False,
ENSG00000123360,PDE1B,,-1034,,,False,
ENSG00000115252,PDE1A,,-1034,,,False,
,GSH,,-1034,,,False,
,GRE,,-1034,,,False,
,RASGRF,,-1034,,,False,
,SPRY,,-1034,,,False,
,PAR4,,-1034,,,False,
,GEF,,-1034,,,False,
,DAP10,,-1034,,,False,
,HOP,,-1034,,,False,
,FAF,,-1034,,,False,
,Alg-2,,-1034,,,False,
,FAP-1,,-1034,,,False,
,LFG,,-1034,,,False,
,RIM,,-1034,,,False,
,H2O2,,-1034,,,False,
ENSG00000122025,FLT3,"CD135, FLK2, STK1",-1034,Yes,No,True,
,CASKIN,,-1034,,,False,
ENSG00000125740,FOSB,,-1034,,,False,30658436
ENSG00000065526,SPEN,"KIAA0929, MINT, RBM15C, SHARP",-1034,No,Yes,True,
,BETAARRESTIN,,-1034,,,False,"31122393, 30837880"
ENSG00000170820,FSHR,,-1034,,,False,
,FXR,,-1034,,,False,
,LTYPECA,,-1034,,,False,
,TUBULIN,,-1034,,,False,
,AC1,,-1034,,,False,
ENSG00000171298,GAA,,-1034,,,False,
,P13K,,-1034,,,False,
,MEKK3,,-1034,,,False,
,GADD45,,-1034,,,False,
ENSG00000136535,TBR1,,-1034,,,False,
,bRAF,,-1034,,,False,
ENSG00000174791,RIN1,,-1034,,,False,
ENSG00000076864,RAP1GAP,,-1034,,,False,
,PLC,,-1034,,,False,
ENSG00000261150,EPPK1,,-1034,,,False,
,GAB,,-1034,,,False,
ENSG00000160712,IL6R,,-1034,,,False,
,BIP,,-1034,,,False,
,IFN-yR,,-1034,,,False,
,TID1,,-1034,,,False,
,AIF,,-1034,,,False,
ENSG00000284792,PTEN,"BZS, MHAM, MMAC1, PTEN1",-1034,No,Yes,True,
,HSPC,,-1034,,,False,
ENSG00000136273,HUS1,,-1034,,,False,
ENSG00000113456,RAD1,,-1034,,,False,
,Hypoxia,,-1034,,,False,
,HUR,,-1034,,,False,
,IC261,,-1034,,,False,
ENSG00000169598,DFFB,,-1034,,,False,
,TIP1,,-1034,,,False,
ENSG00000196914,ARHGEF12,"KIAA0382, LARG",-1034,Yes,Yes,True,
ENSG00000173039,p65,,-1034,,,False,36273237
,CAMKK,,-1034,,,False,
,P130,,-1034,,,False,
ENSG00000071054,MAP4K4,"FLH21957, HGK, NIK",-1034,Yes,No,True,
,I1,,-1034,,,False,
,BR1R,,-1034,,,False,
ENSG00000125538,IL1B,,-1034,,,False,
,IL1R,,-1034,,,False,
,IL8,,-1034,,,False,
,IL12,,-1034,,,False,
ENSG00000078902,TOLLIP,,-1034,,,False,
ENSG00000077238,IL4R,,-1034,,,False,
,LAMR1,,-1034,,,False,
,hsp70,,-1034,,,False,
,SLP-76,,-1034,,,False,
ENSG00000132002,DNAJB1,"HSPF1, Hsp40, RSPH16B, Sis1",-1034,No,No,True,
,P35611,,-1034,,,False,
ENSG00000196208,GREB1,,-1034,,,False,
ENSG00000174827,PDZK1,,-1034,,,False,
,GSSG,,-1034,,,False,
ENSG00000187098,MITF,"MI, WS2, WS2A, bHLHe32",-1034,Yes,Yes,True,
ENSG00000181274,FRAT2,,-1034,,,False,
,INHIBITOR2,,-1034,,,False,
,eIF2B,,-1034,,,False,
,PLCE,,-1034,,,False,
ENSG00000075651,PLD1,,-1034,,,False,
,POR1,,-1034,,,False,
,SAC,,-1034,,,False,
ENSG00000100453,GZMB,,-1034,,,False,
ENSG00000068745,IP6K2,,-1034,,,False,
,RAB3,,-1034,,,False,
,HMG2,,-1034,,,False,
,HO,,-1034,,,False,
,MYOSINV,,-1034,,,False,
ENSG00000116478,HDAC1,"GON-10, HD1, KDAC1, RPD3L1",-1034,Yes,No,True,"38254102, 37121053"
ENSG00000124216,SNAI1,,-1034,,,False,
ENSG00000115904,HGF,"DFNB39, F-TCF, HGFB, HPTA",-1034,Yes,No,True,"36459180, 37042566"
,MUNC13,,-1034,,,False,
,DAPK,,-1034,,,False,
,HMG1,,-1034,,,False,
ENSG00000119335,SET,"2PP2A, IGAAD, IPP2A2, PHAPII, TAF-I, TAF-IBETA",-1034,Yes,No,True,
,CEK1,,-1034,,,False,
ENSG00000281221,PSMC4,,-1034,,,False,
ENSG00000275555,DLL1,,-1034,,,False,
,NAKED,,-1034,,,False,
,MERLIN,,-1034,,,False,
,MEKK2,,-1034,,,False,
,MAP4K6,,-1034,,,False,
ENSG00000011566,MAP4K3,,-1034,,,False,
,PRK2,,-1034,,,False,
ENSG00000131711,MAP1B,,-1034,,,False,
ENSG00000101210,EEF1A2,,-1034,,,False,
ENSG00000116741,RGS2,,-1034,,,False,
ENSG00000138795,LEF1,"TCF10, TCF1ALPHA, TCF7L3",-1034,Yes,No,True,
ENSG00000188612,SUMO2,,-1034,,,False,
ENSG00000113722,CDX1,,-1034,,,False,
ENSG00000108424,KPNB1,,-1034,,,False,
,KV14,,-1034,,,False,
,P1433,,-1034,,,False,
,NCADHERIN,,-1034,,,False,
,KINESIN,,-1034,,,False,
,DLK,,-1034,,,False,
,ICA512,,-1034,,,False,
ENSG00000276068,NAIP,,-1034,,,False,
ENSG00000152661,GJA1,,-1034,,,False,
ENSG00000158711,ELK4,,-1034,Yes,No,True,
,GRP94,,-1034,,,False,
,GALPHAZ,,-1034,,,False,
,GLYCINE,,-1034,,,False,
ENSG00000175445,LPL,,-1034,,,False,
,TOR,,-1034,,,False,
ENSG00000138378,STAT4,,-1034,Yes,No,True,
,POTASSIUM,,-1034,,,False,
,PQCaCh,,-1034,,,False,
ENSG00000125753,VASP,,-1034,,,False,
,PP5,,-1034,,,False,
,GALPHAI,,-1034,,,False,
,A1R,,-1034,,,False,
ENSG00000044446,PHKA2,,-1034,,,False,
ENSG00000180340,FZD2,,-1034,,,False,"35930737, 30677195"
ENSG00000143553,SNAPIN,,-1034,,,False,
,MST3,,-1034,,,False,
,RAP2,,-1034,,,False,
,ECM,,-1034,,,False,
,MURR1,,-1034,,,False,
,PKCz,,-1034,,,False,
ENSG00000140992,PDPK1,,-1034,No,No,True,
ENSG00000158125,XDH,,-1034,,,False,
ENSG00000238196,NOTCH4,INT3,-1034,Yes,Yes,True,
ENSG00000130779,CLIP1,"CLIP-170, CLIP170, CYLN1, RSN",-1034,No,No,True,
ENSG00000138735,PDE5A,,-1034,,,False,
,COMPLEXIN,,-1034,,,False,
,SHANK,,-1034,,,False,
,CSP,,-1034,,,False,
,ARP23,,-1034,,,False,
,PAFR,,-1034,,,False,
ENSG00000146469,VIP,,-1034,,,False,
,VPAC2R,,-1034,,,False,
ENSG00000113721,PDGFRB,"CD140b, JTK12, PDGFR, PDGFR1",-1034,Yes,No,True,40128057
,GKAP,,-1034,,,False,
,CEM15,,-1034,,,False,
,p110Ia,,-1034,,,False,
,ISGF3G,,-1034,,,False,
,AIP4,,-1034,,,False,
ENSG00000182511,FES,FPS,-1034,Yes,No,True,
ENSG00000000938,FGR,,-1034,,,False,
ENSG00000133216,EPHB2,,-1034,,,False,
,NOPR,,-1034,,,False,
,MOPR,,-1034,,,False,
,KOPR,,-1034,,,False,
,DOPR,,-1034,,,False,
ENSG00000150459,SAP18,,-1034,,,False,
,EIF4,,-1034,,,False,
,Ta,,-1034,,,False,
,Tb,,-1034,,,False,
,Ty,,-1034,,,False,
,CAMK,,-1034,,,False,
ENSG00000136560,TANK,,-1034,,,False,
,TAX,,-1034,,,False,
,TRX,,-1034,,,False,
ENSG00000221914,PPP2R2A,"B55A, B55alpha, PR52A, PR55A, PR55alpha",-1034,No,Yes,True,
,VELI1,,-1034,,,False,
ENSG00000129566,TEP1,,-1034,,,False,
ENSG00000168522,FNTA,,-1034,,,False,
,FKBP12,,-1034,,,False,
ENSG00000167658,EEF2,,-1034,,,False,
,MIP1A,,-1034,,,False,
,HSPG,,-1034,,,False,
,FIVEHT1AR,,-1034,,,False,
ENSG00000141480,ARRB2,,-1034,,,False,36284990
,KV11,,-1034,,,False,
ENSG00000095370,SH2D3C,,-1034,,,False,
,GIRK,,-1034,,,False,
ENSG00000108854,SMURF2,,-1034,,,False,
ENSG00000137693,YAP1,YAP65,-1034,Yes,No,True,
ENSG00000111087,GLI1,GLI,-1034,Yes,No,True,"27862693, 38676428"
ENSG00000074047,GLI2,,-1034,,,False,"32319599, 30409762"
ENSG00000106571,GLI3,,-1034,,,False,34610962
,GAT1,,-1034,,,False,
,TNFB,,-1034,,,False,
,DCP1,,-1034,,,False,
,DNAJ,,-1034,,,False,
,GIPC,,-1034,,,False,
ENSG00000114062,UBE3A,,-1034,,,False,
,ERb,,-1034,,,False,
,PR-A,,-1034,,,False,
,CHLORIDE,,-1034,,,False,
ENSG00000137869,CYP19A1,"ARO, ARO1, CPV1, CYAR, CYP19, P-450AROM, aromatase",-1034,Yes,No,True,
ENSG00000105325,FZR1,"CDC20C, FZR, FZR2, HCDH, HCDH1, KIAA1242",-1034,Yes,Yes,True,
,GABABR,,-1034,,,False,
,GABA,,-1034,,,False,
,FIVEHT4R,,-1034,,,False,
,PTPB1,,-1034,,,False,
,CORTACTIN,,-1034,,,False,
ENSG00000030304,MUSK,,-1034,,,False,
ENSG00000105971,CAV2,,-1034,,,False,
,FIVEHT2AR,,-1034,,,False,
,A2AR,,-1034,,,False,
,RABGDI,,-1034,,,False,
ENSG00000109332,UBE2D3,,-1034,,,False,
,GRIP,,-1034,,,False,
ENSG00000115484,CCT4,,-1034,,,False,
,FBI1,,-1034,,,False,
,GLUT4,,-1034,,,False,
,PIP3,,-1034,,,False,
,Akt,,-1034,,,False,
ENSG00000142867,BCL10,"CIPER, CLAP, c-E10, mE10",-1034,No,Yes,True,
,SODIUM,,-1034,,,False,
ENSG00000068383,INPP5A,,-1034,,,False,
,GALPHAO,,-1034,,,False,
,RIIb,,-1034,,,False,
,CPI,,-1034,,,False,
ENSG00000184384,MAML2,"KIAA1819, MAM3",-1034,No,No,True,
,RasGRP,,-1034,,,False,
,AC2,,-1034,,,False,
,ADDUCIN,,-1034,,,False,
,ALPHA2AR,,-1034,,,False,
ENSG00000022267,FHL1,,-1034,,,False,
,bARK,,-1034,,,False,
,CPI17,,-1034,,,False,
,DGK,,-1034,,,False,
,FASCIN,,-1034,,,False,
,GABAAR,,-1034,,,False,
ENSG00000172020,GAP43,,-1034,,,False,
,GLYR,,-1034,,,False,
,ALPHA1AR,,-1034,,,False,
ENSG00000172201,ID4,,-1034,,,False,
,Clk,,-1034,,,False,
,AA,,-1034,,,False,
ENSG00000160791,CCR5,,-1034,,,False,
,APOLLON,,-1034,,,False,
ENSG00000091129,NRCAM,,-1034,,,False,
ENSG00000160007,ARHGAP35,"GRF-1, GRLF1, KIAA1722, P190A, p190ARhoGAP, p190RhoGAP",-1034,Yes,Yes,True,
,RhoGDP,,-1034,,,False,
,L1,,-1034,,,False,
,CHREBP,,-1034,,,False,
ENSG00000262785,PKLR,,-1034,,,False,
,PRAK,,-1034,,,False,
ENSG00000108262,GIT1,,-1034,,,False,
,CB2R,,-1034,,,False,
ENSG00000125630,POLR1B,,-1034,,,False,
,p67phox,,-1034,,,False,
,ENDOPHILIN,,-1034,,,False,
,S6,,-1034,,,False,
,PABP,,-1034,,,False,
,TPA,,-1034,,,False,
,PBP,,-1034,,,False,
ENSG00000018236,CNTN1,,-1034,,,False,
,CB1R,,-1034,,,False,
ENSG00000132915,PDE6A,,-1034,,,False,
ENSG00000133256,PDE6B,,-1034,,,False,
ENSG00000185527,PDE6G,,-1034,,,False,
,CGMP,,-1034,,,False,
ENSG00000100311,PDGFB,"SIS, SSV",-1034,Yes,No,True,
,SYNTENIN,,-1034,,,False,
ENSG00000197971,MBP,,-1034,,,False,
,MGLUR7,,-1034,,,False,
ENSG00000100151,PICK1,,-1034,,,False,
,PMCA,,-1034,,,False,
ENSG00000102145,GATA1,"ERYF1, GATA-1, GF1, NF-E1, NFE1",-1034,No,No,True,
,CRMP2,,-1034,,,False,
,NEURABIN,,-1034,,,False,
ENSG00000136504,KAT7,"HBO1, HBOA, MYST2, ZC2HC7",-1034,Yes,No,True,"35637972, 33754016"
,SRPR,,-1034,,,False,
ENSG00000173674,EIF1AX,"EIF1A, EIF4C, eIF-1A, eIF-4C",-1034,No,No,True,
,EIF3S1,,-1034,,,False,
,S60,,-1034,,,False,
,KIR41,,-1034,,,False,
,SEC61P,,-1034,,,False,
,M4R,,-1034,,,False,
,M2R,,-1034,,,False,
,SYNAPTOBREVIN,,-1034,,,False,
ENSG00000184990,SIVA1,,-1034,,,False,
,M1R,,-1034,,,False,
,FIVEHT1CR,,-1034,,,False,
,ALPHA7NACHR,,-1034,,,False,
,SAPAP,,-1034,,,False,
ENSG00000079385,CEACAM1,,-1034,,,False,
ENSG00000164105,SAP30,,-1034,,,False,
ENSG00000100883,SRP54,,-1034,,,False,
,PICCOLO,,-1034,,,False,
,RTYPECA,,-1034,,,False,
ENSG00000106615,RHEB,RHEB2,-1034,Yes,No,True,
,NEUREXIN,,-1034,,,False,
ENSG00000175029,CTBP2,,-1034,,,False,
,Ser-prot,,-1034,,,False,
,TNFR2,,-1034,,,False,
,RAIDD,,-1034,,,False,
ENSG00000152689,RASGRP3,,-1034,,,False,
,AKAP15,,-1034,,,False,
,cADPR,,-1034,,,False,
,PKN,,-1034,,,False,
ENSG00000122194,PLG,,-1034,,,False,
ENSG00000117560,FASLG,,-1034,,,False,
,PTC,,-1034,,,False,
ENSG00000164690,SHH,,-1034,,,False,
,SYNDECAN,,-1034,,,False,
,ADPRIBSYCYCLASE,,-1034,,,False,
ENSG00000180616,SSTR2,,-1034,,,False,
ENSG00000056558,TRAF1,,-1034,,,False,
,RhoGTP,,-1034,,,False,
,RAL,,-1034,,,False,
ENSG00000017797,RALBP1,,-1034,,,False,
,ARIP2,,-1034,,,False,
ENSG00000160271,RALGDS,"RGDS, RGF, RalGEF",-1034,No,No,True,
,SYNAPTOPHYSIN,,-1034,,,False,
ENSG00000099901,RANBP1,,-1034,,,False,
ENSG00000153201,RANBP2,"ADANE, ANE1, NUP358",-1034,Yes,No,True,
,RanGAP,,-1034,,,False,
,ADAPTIN,,-1034,,,False,
ENSG00000139874,SSTR1,,-1034,,,False,
,SPINOPHILIN,,-1034,,,False,
ENSG00000140396,NCOA2,"KAT13C, NCoA-2, TIF2, bHLHe75",-1034,No,No,True,25295534
ENSG00000131508,UBE2D2,,-1034,,,False,
ENSG00000112039,FANCE,"FACE, FAE",-1034,No,Yes,True,
,Bcl-w,,-1034,,,False,
,TSAP6,,-1034,,,False,
,BCLG,,-1034,,,False,
,Noxa,,-1034,,,False,
ENSG00000136156,ITM2B,,-1034,,,False,
ENSG00000100290,BIK,,-1034,,,False,
,cIAP,,-1034,,,False,
ENSG00000109062,NHERF1,"EBP50, NHERF, SLC9A3R1",-1034,Yes,Yes,True,
ENSG00000164053,ATRIP,"FLJ12343, MGC20625, MGC21482, MGC26740",-1034,No,Yes,True,
,GALPHAS,,-1034,,,False,
,B2AR,,-1034,,,False,
,Diversin,,-1034,,,False,
ENSG00000153107,ANAPC1,,-1034,,,False,
,DSH,,-1034,,,False,
ENSG00000276618,RAD17,"CCYC, RAD17Sp, Rad24",-1034,No,Yes,True,
,CKI,,-1034,,,False,
ENSG00000089685,BIRC5,,-1034,,,False,
,TUBB4Q,,-1034,,,False,
ENSG00000063176,SPHK2,,-1034,,,False,
ENSG00000010671,BTK,"AGMX1, ATK, IMD1, PSCTK1, XLA",-1034,Yes,No,True,
,PLCy,,-1034,,,False,
ENSG00000101246,ARFRP1,"ARL18, ARP, Arp1",-1034,No,No,True,
,PLCg-2,,-1034,,,False,
,BMAL1,,-1034,,,False,
ENSG00000134852,CLOCK,,-1034,,,False,
,CTIP,,-1034,,,False,
ENSG00000166167,BTRC,,-1034,,,False,
,C3G,,-1034,,,False,
ENSG00000116473,RAP1A,,-1034,,,False,
,RAP1,,-1034,,,False,
,CAM,,-1034,,,False,
,Cd++,,-1034,,,False,
ENSG00000173846,PLK3,,-1034,,,False,
ENSG00000141510,TP53,"LFS1, p53",-1034,No,Yes,True,"32722796, 34583722"
,CK1d,,-1034,,,False,
ENSG00000145839,IL9,,-1034,,,False,
,MEK6,,-1034,,,False,
,MEK3,,-1034,,,False,
ENSG00000176248,ANAPC2,,-1034,,,False,
ENSG00000231617,DAXX,DAP6,-1034,No,Yes,True,
,ASK1,,-1034,,,False,
,p34,,-1034,,,False,
,ARP3,,-1034,,,False,
,NFkB,,-1034,,,False,
,ARP2,,-1034,,,False,
ENSG00000100644,HIF1A,"HIF-1alpha, HIF1, MOP1, PASD8, bHLHe78",-1034,Yes,No,True,"37816999, 30081903"
,JIP,,-1034,,,False,
ENSG00000076928,ARHGEF1,,-1034,,,False,
,Rho,,-1034,,,False,
,PIP5K,,-1034,,,False,
,MKK7,,-1034,,,False,
,c-JUN,,-1034,,,False,
,CSX,,-1034,,,False,
ENSG00000285109,GATA4,,-1034,No,Yes,True,
,IFNy,,-1034,,,False,
ENSG00000109471,IL2,"IL-2, TCGF",-1034,No,No,True,
ENSG00000113520,IL4,,-1034,,,False,
ENSG00000118094,TREH,,-1034,,,False,
,CRE,,-1034,,,False,
,TRE,,-1034,,,False,
ENSG00000149311,ATM,"ATA, ATC, ATD, ATDC, TEL1, TELO1",-1034,No,Yes,True,
ENSG00000175054,ATR,"FRP1, MEC1, SCKL, SCKL1",-1034,No,Yes,True,
ENSG00000012048,BRCA1,"FANCS, PPP1R53, RNF53",-1034,No,Yes,True,25329591
ENSG00000139618,BRCA2,"FAD1, FANCD1, XRCC11",-1034,No,Yes,True,
ENSG00000149554,CHEK1,CHK1,-1034,No,Yes,True,
ENSG00000183765,CHEK2,"CHK2, HuCds1, PP1425, RAD53, bA444G7",-1034,No,Yes,True,
ENSG00000144554,FANCD2,"FA-D2, FACD, FANCD",-1034,No,Yes,True,
,CK1a,,-1034,,,False,
,DREAM,,-1034,,,False,
ENSG00000136044,APPL2,,-1034,,,False,
,CNG,,-1034,,,False,
ENSG00000221829,FANCG,"FAG, XRCC9",-1034,No,Yes,True,
ENSG00000064012,CASP8,"Casp-8, FLICE, MACH, MCH5",-1034,No,Yes,True,
,NMT,,-1034,,,False,
ENSG00000003400,CASP10,,-1034,,,False,
,RAR,,-1034,,,False,
ENSG00000276876,MYT1,,-1034,,,False,
,cAMPGEFII,,-1034,,,False,
,NMDAR,,-1034,,,False,
,PKAc,,-1034,,,False,
,EPAC1,,-1034,,,False,
ENSG00000115008,IL1A,,-1034,,,False,
,CAMKIV,,-1034,,,False,
ENSG00000081189,MEF2C,,-1034,Yes,Yes,True,
ENSG00000134072,CAMK1,,-1034,,,False,
ENSG00000183161,FANCF,,-1034,No,Yes,True,
,IAP,,-1034,,,False,
ENSG00000106144,CASP2,,-1034,,,False,
ENSG00000160789,LMNA,"CMD1A, HGPS, LGMD1B, LMN1, LMNL1, PRO1",-1034,Yes,No,True,
ENSG00000138794,CASP6,,-1034,,,False,
ENSG00000165806,CASP7,,-1034,,,False,
ENSG00000253729,PRKDC,"DNA-PKC, DNA-PKcs, DNAPK, DNAPKc, DNPK1, HYRC, HYRC1, XRCC7, p350, p460",-1034,Yes,Yes,True,
,FODRIN,,-1034,,,False,
ENSG00000148935,GAS2,,-1034,,,False,
,GELSOLIN,,-1034,,,False,
ENSG00000180370,PAK2,,-1034,,,False,
ENSG00000143799,PARP1,"ADPRT, ARTD1, PARP, PPOL",-1034,No,Yes,True,
ENSG00000067900,ROCK1,,-1034,,,False,
,EIF4G,,-1034,,,False,
ENSG00000213999,MEF2B,RSRFR2,-1034,Yes,No,True,
ENSG00000169618,PROKR1,,-1034,,,False,
ENSG00000078304,PPP2R5C,,-1034,,,False,
,SPECTRIN,,-1034,,,False,
,AMPAR,,-1034,,,False,
,GCAP,,-1034,,,False,
ENSG00000100994,PYGB,,-1034,,,False,
,RABPHILIN,,-1034,,,False,
ENSG00000107130,NCS1,,-1034,,,False,
,HIPPOCALCIN,,-1034,,,False,
,PACAP,,-1034,,,False,
,DOC2,,-1034,,,False,
,CAPRI,,-1034,,,False,
,CALNEXIN,,-1034,,,False,
ENSG00000143575,HAX1,,-1034,,,False,
ENSG00000102096,PIM2,,-1034,,,False,
,PrP,,-1034,,,False,
,AC5,,-1034,,,False,
,Glycogen,,-1034,,,False,
,PLA2,,-1034,,,False,
,NFAT,,-1034,,,False,
ENSG00000172575,RASGRP1,,-1034,,,False,
,SORCIN,,-1034,,,False,
ENSG00000159164,SV2A,,-1034,,,False,
ENSG00000108654,DDX5,"G17P1, HLR1, p68",-1034,Yes,No,True,
,VILIP,,-1034,,,False,
,Cn,,-1034,,,False,
ENSG00000281670,CABIN1,,-1034,,,False,
ENSG00000188386,PPP3R2,,-1034,,,False,
ENSG00000116604,MEF2D,,-1034,Yes,No,True,
,CALCINEURIN,,-1034,,,False,
ENSG00000084774,CAD,GATD4,-1034,Yes,No,True,
,H1,,-1034,,,False,
,ICAD,,-1034,,,False,
,TopoII,,-1034,,,False,
,p55gamma,,-1034,,,False,
,p32,,-1034,,,False,
,PI3P,,-1034,,,False,
,CITRON,,-1034,,,False,
ENSG00000172216,CEBPB,,-1034,,,False,
ENSG00000283447,NDUFS1,,-1034,,,False,
,GPCR,,-1034,,,False,
ENSG00000171608,PIK3CD,p110D,-1034,Yes,No,True,
ENSG00000026025,VIM,,-1034,,,False,
ENSG00000184009,ACTG1,"ACTG, DFNA20, DFNA26",-1034,No,Yes,True,34767732
ENSG00000095794,CREM,,-1034,,,False,
,ACT,,-1034,,,False,
ENSG00000176170,SPHK1,,-1034,,,False,
,CAP,,-1034,,,False,
,LIP1,,-1034,,,False,
ENSG00000164047,CAMP,,-1034,,,False,
,ATP,,-1034,,,False,
,AC,,-1034,,,False,
ENSG00000067369,TP53BP1,"53BP1, TDRD30, p202",-1034,No,Yes,True,
ENSG00000139687,RB1,"OSRC, PPP1R130, RB",-1034,No,Yes,True,"31174843, 21295686"
,RAD9,,-1034,,,False,
,ITGB4BP,,-1034,,,False,
,Zyxin,,-1034,,,False,
ENSG00000124151,NCOA3,"ACTR, AIB1, CAGH16, KAT13B, SRC-3, SRC3, TNRC16, TRAM-1, bHLHe42, p/CIP",-1034,Yes,No,True,"34251576, 37711895"
ENSG00000142453,CARM1,PRMT4,-1034,No,No,True,
ENSG00000125618,PAX8,,-1034,Yes,No,True,
ENSG00000100393,EP300,"KAT3B, p300",-1034,No,Yes,True,"36951687, 37696842"
ENSG00000196092,PAX5,BSAP,-1034,Yes,Yes,True,
ENSG00000138798,EGF,,-1034,,,False,
,AFX,,-1034,,,False,
ENSG00000140262,TCF12,"HEB, HTF4, HsT17266, bHLHb20, p64",-1034,No,No,True,
ENSG00000144891,AGTR1,,-1034,,,False,
ENSG00000122180,MYOG,,-1034,,,False,
ENSG00000111046,MYF6,,-1034,,,False,
ENSG00000111049,MYF5,,-1034,,,False,
ENSG00000118513,MYB,c-myb,-1034,Yes,No,True,
,G1,,-1034,,,False,
,Gb,,-1034,,,False,
ENSG00000051180,RAD51,"BRCC5, FANCR, HsRad51, HsT16930, RAD51A, RECA",-1034,No,Yes,True,
,P73,,-1034,,,False,
,Gy,,-1034,,,False,
ENSG00000112592,TBP,,-1034,,,False,
,MKP1,,-1034,,,False,
,CAMK2,,-1034,,,False,
ENSG00000118503,TNFAIP3,"A20, OTUD7C",-1034,No,Yes,True,
ENSG00000127191,TRAF2,"RNF117, TRAP3",-1034,No,No,True,"37081115, 36011046, 37415241"
,4-1BBL,,-1034,,,False,
,4-1BB,,-1034,,,False,
,MITR,,-1034,,,False,
ENSG00000147889,CDKN2A,"ARF, CDKN2, CMM2, INK4, INK4a, MLM, p14, p14ARF, p16, p16INK4a, p19Arf",-1034,No,Yes,True,
ENSG00000108840,HDAC5,,-1034,,,False,
ENSG00000118689,FOXO3,"AF6q21, FKHRL1, FOXO2, FOXO3A",-1034,No,No,True,"38843589, 38354870"
ENSG00000158402,CDC25C,,-1034,,,False,
,CDC25,,-1034,,,False,
ENSG00000205302,SNX2,,-1034,,,False,
ENSG00000114520,SNX4,,-1034,,,False,
ENSG00000228978,TNF,,-1034,,,False,
ENSG00000175104,TRAF6,,-1034,,,False,
,a2-Antiplasmin,,-1034,,,False,
,PLASMIN,,-1034,,,False,
,D4-GDI,,-1034,,,False,
ENSG00000082701,GSK3B,,-1034,Yes,No,True,
,TAU,,-1034,,,False,
ENSG00000138443,ABI2,,-1034,,,False,
,NAP,,-1034,,,False,
ENSG00000087842,PIR,,-1034,,,False,
ENSG00000114993,RTKN,,-1034,,,False,
,WAVE1,,-1034,,,False,
ENSG00000114251,WNT5A,,-1034,,,False,
ENSG00000277641,WNT3,,-1034,,,False,
ENSG00000175793,SFN,,-1034,,,False,
ENSG00000164885,CDK5,,-1034,,,False,
ENSG00000118046,STK11,"LKB1, PJS",-1034,No,Yes,True,
ENSG00000163501,IHH,,-1034,,,False,
ENSG00000104320,NBN,"AT-V1, AT-V2, ATV, NBS, NBS1",-1034,No,Yes,True,
ENSG00000187091,PLCD1,,-1034,,,False,
,ANF,,-1034,,,False,
ENSG00000016490,CLCA1,,-1034,,,False,
,AXIN,,-1034,,,False,
ENSG00000082898,XPO1,"CRM-1, CRM1, emb",-1034,Yes,No,True,
ENSG00000172005,MAL,,-1034,,,False,
ENSG00000172115,CYCS,,-1034,,,False,
,pGC,,-1034,,,False,
,P21,,-1034,,,False,
,BMP-10,,-1034,,,False,
,ACC,,-1034,,,False,
,AMPK,,-1034,,,False,
,BMPR1,,-1034,,,False,
,BMP-7,,-1034,,,False,
,BMP-5,,-1034,,,False,
,BMP-4,,-1034,,,False,
ENSG00000109971,HSPA8,,-1034,,,False,
ENSG00000168036,CTNNB1,"CTNNB, armadillo, beta-catenin",-1034,Yes,No,True,31511060
ENSG00000141646,SMAD4,"DPC4, MADH4",-1034,No,Yes,True,"39164192, 35863523"
,ALPHACATENIN,,-1034,,,False,
,APE1,,-1034,,,False,
ENSG00000239672,NME1,,-1034,,,False,
,PP32,,-1034,,,False,
,Ub,,-1034,,,False,
,APO2L,,-1034,,,False,
,DR4,,-1034,,,False,
,DR5,,-1034,,,False,
,APO3L,,-1034,,,False,
,DR3,,-1034,,,False,
,APOER2,,-1034,,,False,
ENSG00000173406,DAB1,,-1034,,,False,
ENSG00000143761,ARF1,,-1034,,,False,
,PKCE,,-1034,,,False,
,BMP-2,,-1034,,,False,
ENSG00000204217,BMPR2,,-1034,,,False,
ENSG00000135744,AGT,,-1034,,,False,
ENSG00000177283,FZD8,,-1034,,,False,
,IKKy,,-1034,,,False,
,IKKA,,-1034,,,False,
ENSG00000163251,FZD5,,-1034,,,False,
ENSG00000164930,FZD6,,-1034,,,False,
ENSG00000113580,GR,,-1034,,,False,37807060
ENSG00000106633,GCK,,-1034,,,False,
ENSG00000143333,RGS16,,-1034,,,False,
ENSG00000115966,ATF2,,-1034,,,False,"36200182, 28318081"
,RIIa,,-1034,,,False,
ENSG00000170776,AKAP13,,-1034,,,False,
ENSG00000110711,AIP,"ARA9, FKBP16, FKBP37, XAP2",-1034,Yes,Yes,True,
ENSG00000080824,HSP90AA1,"FLJ31884, HSP90N, HSPC1, HSPCA, Hsp89, Hsp90",-1034,Yes,No,True,
ENSG00000143437,ARNT,"HIF-1beta, bHLHe2",-1034,No,No,True,38806469
ENSG00000106546,AHR,,-1034,,,False,
ENSG00000081026,MAGI3,,-1034,,,False,
,MLK1,,-1034,,,False,
ENSG00000198793,MTOR,"FLJ44809, FRAP, FRAP1, FRAP2, RAFT1, RAPT1",-1034,Yes,No,True,
,FOXG1B,,-1034,,,False,
ENSG00000228520,RING1,,-1034,,,False,
ENSG00000169397,RAF1,"CRAF, Raf-1, c-Raf",-1034,Yes,No,True,"40227502, 37020037"
,SOD,,-1034,,,False,
ENSG00000168610,STAT3,APRF,-1034,Yes,No,True,32972405
ENSG00000164362,TERT,"EST2, TCS1, TP2, TRT, hEST2",-1034,Yes,No,True,
ENSG00000127124,HIVEP3,,-1034,,,False,
,IQGAP,,-1034,,,False,
ENSG00000126583,PRKCG,,-1034,,,False,
,MLK,,-1034,,,False,
ENSG00000139549,DHH,,-1034,,,False,
ENSG00000149925,ALDOA,,-1034,,,False,
ENSG00000117984,CTSD,,-1034,,,False,
ENSG00000107779,BMPR1A,"ACVRLK3, ALK3, CD292",-1034,No,Yes,True,
,Acinus,,-1034,,,False,
ENSG00000168040,FADD,,-1034,,,False,
ENSG00000113368,LMNB1,,-1034,,,False,
,EBS,,-1034,,,False,
,PP2C,,-1034,,,False,
,PKR,,-1034,,,False,
,Dynein,,-1034,,,False,
ENSG00000142192,APP,,-1034,,,False,
,E1A,,-1034,,,False,
,E2,,-1034,,,False,
,Puma,,-1034,,,False,
ENSG00000205250,E2F4,,-1034,,,False,
,p107,,-1034,,,False,
,G3PD,,-1034,,,False,
ENSG00000147155,EBP,,-1034,,,False,
ENSG00000151247,EIF4E,"EIF4E1, EIF4EL1, EIF4F",-1034,Yes,No,True,
ENSG00000151247,EIF4E,"EIF4E1, EIF4EL1, EIF4F",-1034,Yes,No,True,
ENSG00000130159,ECSIT,SITPEC,-1034,Yes,No,True,
,CypA,,-1034,,,False,
,EDG1,,-1034,,,False,
,S1P,,-1034,,,False,
ENSG00000151617,EDNRA,,-1034,,,False,
ENSG00000078401,EDN1,,-1034,,,False,
,CL,,-1034,,,False,
ENSG00000145715,RASA1,"CM-AVM, GAP, RASA, p120GAP, p120RASGAP",-1034,No,Yes,True,33125148
,CK19,,-1034,,,False,
ENSG00000196776,CD47,,-1034,,,False,
,N41,,-1034,,,False,
,ErbB3,,-1034,,,False,
,STAT,,-1034,,,False,
ENSG00000122877,EGR2,KROX20,-1034,No,Yes,True,
ENSG00000179388,EGR3,,-1034,,,False,
,DRE,,-1034,,,False,
,REA,,-1034,,,False,
,FGF,,-1034,,,False,
,P35,,-1034,,,False,
,E3,,-1034,,,False,
ENSG00000285246,NEDD8,,-1034,,,False,
,Drp-1,,-1034,,,False,
ENSG00000130725,UBE2M,,-1034,,,False,
,SDF1,,-1034,,,False,
ENSG00000137752,CASP1,,-1034,,,False,
,D1,,-1034,,,False,
,D2,,-1034,,,False,
,PP2B,,-1034,,,False,
ENSG00000147852,VLDLR,,-1034,,,False,
,DG,,-1034,,,False,
ENSG00000185133,PIB5PA,,-1034,,,False,38685520
,PLCb,,-1034,,,False,
,PP1,,-1034,,,False,
,DP103,,-1034,,,False,
ENSG00000186298,PPP1CC,,-1034,,,False,
,TNFR1,,-1034,,,False,
,DELTA,,-1034,,,False,
,DJ2,,-1034,,,False,
,DJ1,,-1034,,,False,
,DIA,,-1034,,,False,
ENSG00000108518,PFN1,,-1034,,,False,
ENSG00000281324,LRP6,ADCAD2,-1034,Yes,No,True,
ENSG00000176619,LMNB2,,-1034,,,False,
,D1R,,-1034,,,False,
,D2R,,-1034,,,False,
,D3R,,-1034,,,False,
,DP1,,-1034,,,False,
ENSG00000176171,BNIP3,,-1034,,,False,
ENSG00000104765,BNIP3L,,-1034,,,False,
,EIF-4EBP,,-1034,,,False,
ENSG00000101981,F9,,-1034,,,False,
,MAPKAP2,,-1034,,,False,
ENSG00000277443,MARCKS,,-1034,,,False,
ENSG00000152256,PDK1,,-1034,Yes,No,True,
ENSG00000170581,STAT2,STAT113,-1034,No,No,True,
,KSR,,-1034,,,False,
ENSG00000141527,CARD14,,-1034,,,False,
,NFM,,-1034,,,False,
,PLA2P,,-1034,,,False,
,SAM68,,-1034,,,False,
,ERK5,,-1034,,,False,
ENSG00000071655,MBD3,,-1034,,,False,
ENSG00000126218,F10,,-1034,,,False,
ENSG00000057593,F7,,-1034,,,False,
ENSG00000180210,F2,,-1034,,,False,
,Cathepsin,,-1034,,,False,
,Fibrinogen,,-1034,,,False,
,PAR1,,-1034,,,False,
ENSG00000117525,F3,,-1034,,,False,
ENSG00000198734,F5,,-1034,,,False,
,I-FLICE,,-1034,,,False,
ENSG00000172936,MYD88,,-1034,Yes,No,True,"31746347, 38785969"
,FLASH,,-1034,,,False,
ENSG00000169047,IRS1,HIRS-1,-1034,Yes,No,True,
,Graf,,-1034,,,False,
,RPTK,,-1034,,,False,
,FAN,,-1034,,,False,
ENSG00000135587,SMPD2,,-1034,,,False,
ENSG00000158169,FANCC,"FA3, FAC, FACC",-1034,No,Yes,True,
ENSG00000120738,EGR1,"AT225, G0S30, KROX-24, NGFI-A, TIS8, ZIF-268",-1034,No,Yes,True,
ENSG00000162302,RPS6KA4,"MSK2, RSK-B",-1034,Yes,No,True,
,cPLA2,,-1034,,,False,
,MNK2,,-1034,,,False,
ENSG00000144895,EIF2A,,-1034,,,False,
ENSG00000111361,EIF2B1,"EIF-2B, EIF-2Balpha, EIF2B, EIF2BA",-1034,No,Yes,True,
,EIF2G,,-1034,,,False,
,GDP,,-1034,,,False,
,GTP,,-1034,,,False,38593348
,tRNA,,-1034,,,False,
,EIF3,,-1034,,,False,
ENSG00000063046,EIF4B,,-1034,,,False,
ENSG00000137154,RPS6,,-1034,,,False,
,BI-1,,-1034,,,False,
ENSG00000079277,MKNK1,MNK1,-1034,No,No,True,
,SRE,,-1034,,,False,
ENSG00000130427,EPO,,-1034,,,False,
ENSG00000017427,IGF1,"IGF, IGF-I, IGF1A, IGFI",-1034,Yes,No,True,
ENSG00000164399,IL3,"IL-3, MCGF, MGC79398, MGC79399, MULTI-CSF",-1034,Yes,No,True,
,Bcl-b,,-1034,,,False,
ENSG00000111679,PTPN6,"HCPH, PTP-1C, SHP-1, SHP1",-1034,No,No,True,40164665
ENSG00000091831,ER,,-1034,,,False,"31318440, 34621045, 37864956"
,ERE,,-1034,,,False,
,Estrogen,,-1034,,,False,
,ASC,,-1034,,,False,
,PSD93,,-1034,,,False,
,SYNTROPHIN,,-1034,,,False,
,ARAI,,-1034,,,False,
,ARAD,,-1034,,,False,
,MLCK,,-1034,,,False,
,MSK1,,-1034,,,False,
,Tsh,,-1034,,,False,
,krm,,-1034,,,False,
ENSG00000187741,FANCA,"FA-H, FAA, FACA, FANCH",-1034,No,Yes,True,
ENSG00000142166,IFNAR1,"IFNAR, IFRC",-1034,No,No,True,
ENSG00000123496,IL13RA2,,-1034,,,False,
ENSG00000080815,PSEN1,,-1034,,,False,
ENSG00000131724,IL13RA1,,-1034,,,False,
ENSG00000070831,CDC42,"CDC42Hs, G25K",-1034,Yes,No,True,34196668
ENSG00000015285,WAS,"IMD2, THC, WASP, WASPA",-1034,No,No,True,
ENSG00000166851,PLK1,,-1034,,,False,
,p27,,-1034,,,False,
,DARPP-32,,-1034,,,False,
ENSG00000126456,IRF3,,-1034,,,False,34557022
,MUNC18,,-1034,,,False,
,NFH,,-1034,,,False,
ENSG00000081059,TCF7,,-1034,,,False,
ENSG00000277273,CDK7,,-1034,,,False,
ENSG00000213523,SRA1,,-1034,,,False,
ENSG00000134480,CCNH,,-1034,,,False,
,PCAF,,-1034,,,False,
ENSG00000245848,CEBPA,"C/EBP-alpha, CEBP",-1034,No,Yes,True,
,Ku70,,-1034,,,False,
,EDG4,,-1034,,,False,
,CHORDIN,,-1034,,,False,
ENSG00000112658,SRF,,-1034,,,False,
,NOGGIN,,-1034,,,False,
ENSG00000173039,RELA,,-1034,,,False,36273237
,P50,,-1034,,,False,
ENSG00000023445,BIRC3,"API2, MALT2, MIHC, RNF49, c-IAP2, cIAP2, hiap-1",-1034,Yes,Yes,True,
ENSG00000182866,LCK,,-1034,Yes,No,True,"31315298, 35665750"
ENSG00000099804,CDC34,,-1034,,,False,
ENSG00000274233,CCL5,,-1034,,,False,
ENSG00000134954,ETS1,"ETS-1, EWSR2, FLJ10768",-1034,Yes,Yes,True,
ENSG00000172156,CCL11,,-1034,,,False,
ENSG00000105810,CDK6,PLSTIRE,-1034,Yes,No,True,
,Itk,,-1034,,,False,
ENSG00000123374,CDK2,,-1034,,,False,
ENSG00000134057,CCNB1,,-1034,,,False,
ENSG00000110092,CCND1,"BCL1, D11S287E, PRAD1, U21B31",-1034,Yes,No,True,34294689
ENSG00000132646,PCNA,,-1034,,,False,
,PPARB,,-1034,,,False,
ENSG00000118971,CCND2,,-1034,Yes,No,True,
ENSG00000112576,CCND3,,-1034,Yes,No,True,
ENSG00000105173,CCNE1,CCNE,-1034,Yes,No,True,
ENSG00000109670,FBXW7,"AGO, CDC4, FBW7, FBX30, FBXW6, FLJ11071, SEL-10, SEL10",-1034,No,Yes,True,
,G2,,-1034,,,False,
ENSG00000137462,TLR2,,-1034,,,False,
ENSG00000147168,IL2RG,,-1034,,,False,
ENSG00000170312,CDK1,,-1034,,,False,33634905
ENSG00000136869,TLR4,,-1034,,,False,
ENSG00000135218,CD36,"GP3B, GP4, GPIV, SCARB3",-1034,No,No,True,
,TSP1,,-1034,,,False,
ENSG00000145386,CCNA2,,-1034,,,False,
ENSG00000183625,CCR3,,-1034,,,False,
ENSG00000010610,CD4,,-1034,,,False,
ENSG00000121966,CXCR4,"CD184, D2S201E, HM89, HSY3RR, LESTR, NPY3R, NPYY3R, fusin",-1034,Yes,No,True,
,TCR,,-1034,,,False,
ENSG00000101017,CD40,,-1034,,,False,
,CD40L,,-1034,,,False,
ENSG00000131323,TRAF3,"CAP-1, CD40bp, CRAF1, LAP1, RNF118",-1034,No,Yes,True,
,Livin,,-1034,,,False,
,cIAP1,,-1034,,,False,
ENSG00000135446,CDK4,PSK-J3,-1034,Yes,No,True,
,DEDD1,,-1034,,,False,
ENSG00000184371,CSF1,"M-CSF, MCSF, MGC31930",-1034,No,No,True,
,COFILIN2,,-1034,,,False,
ENSG00000123268,ATF1,TREB36,-1034,Yes,No,True,
ENSG00000185950,IRS2,,-1034,Yes,No,True,
,TFIIB,,-1034,,,False,
,RIP,,-1034,,,False,
,CD3,,-1034,,,False,
,TFIID,,-1034,,,False,
ENSG00000157557,ETS2,,-1034,,,False,
ENSG00000115085,ZAP70,,-1034,,,False,
,KIF17B,,-1034,,,False,
ENSG00000116663,FBXO6,,-1034,,,False,
,E12,,-1034,,,False,
ENSG00000047936,ROS1,"MCF3, ROS, c-ros-1",-1034,Yes,No,True,
ENSG00000110395,CBL,"CBL2, RNF55, c-Cbl",-1034,No,Yes,True,36750253
,DOCK180,,-1034,,,False,
ENSG00000282928,MAP4K1,,-1034,,,False,
,P130Cas,,-1034,,,False,
ENSG00000076641,PAG1,PAG,-1034,No,No,True,
ENSG00000113070,HBEGF,,-1034,,,False,
ENSG00000099942,CRKL,,-1034,Yes,No,True,
ENSG00000182578,CSF1R,"C-FMS, CD115, CSFR, FMS",-1034,No,No,True,
ENSG00000145604,SKP2,,-1034,,,False,
,cMAF,,-1034,,,False,
,Mfn2,,-1034,,,False,
ENSG00000145675,p85,,-1034,,,False,26807692
ENSG00000164683,HEY1,"CHF-2, CHF2, HERP2, HESR-1, HESR1, HRT-1, bHLHb31",-1034,No,No,True,
,MAP-1,,-1034,,,False,
ENSG00000130522,JUND,,-1034,,,False,
,Hrk,,-1034,,,False,
,p25,,-1034,,,False,
,CRY,,-1034,,,False,
ENSG00000179094,PER1,"PER, RIGUI",-1034,No,No,True,
,HDAC,,-1034,,,False,
ENSG00000113196,HAND1,,-1034,,,False,
,HSP72,,-1034,,,False,
ENSG00000162552,WNT4,,-1034,,,False,
,MIG1,,-1034,,,False,
ENSG00000126767,ELK1,,-1034,,,False,
ENSG00000163558,PRKCI,"DXS1179E, PKCI",-1034,Yes,No,True,
,Gas,,-1034,,,False,
ENSG00000169567,HINT1,,-1034,,,False,
ENSG00000164107,HAND2,,-1034,,,False,
,CKS1A,,-1034,,,False,
,p90RSK,,-1034,,,False,
ENSG00000068971,PPP2R5B,,-1036,,,False,
ENSG00000124664,SPDEF,,-1036,,,False,
ENSG00000166068,SPRED1,"FLJ33903, PPP1R147",-1036,No,Yes,True,
,TR4,,-1036,,,False,
ENSG00000170677,SOCS6,,-1036,,,False,
ENSG00000171150,SOCS5,,-1036,,,False,
ENSG00000165671,NSD1,"ARA267, FLJ22263, KMT3B, STO",-1036,Yes,Yes,True,
ENSG00000118495,PLAGL1,,-1036,,,False,
,KIR21,,-1036,,,False,
ENSG00000184895,SRY,,-1036,,,False,
ENSG00000100105,PATZ1,"MAZR, PATZ, RIAZ, ZBTB19, ZNF278, ZSG, dJ400N23",-1036,No,No,True,
ENSG00000164078,MST1R,"CD136, CDw136, PTK8, RON, SEA",-1036,Yes,No,True,
ENSG00000137843,PAK6,,-1036,,,False,
,37530,,-1036,,,False,
ENSG00000124151,RAC3,,-1036,,,False,"34251576, 37711895"
,TFIIH,,-1036,,,False,
,37165,,-1036,,,False,
,Rad54l2,,-1036,,,False,
ENSG00000063978,RNF4,,-1036,,,False,
ENSG00000145901,TNIP1,,-1036,,,False,
ENSG00000035720,STAP1,,-1036,,,False,
ENSG00000198369,SPRED2,,-1036,,,False,
ENSG00000134250,NOTCH2,,-1036,Yes,Yes,True,
ENSG00000197321,SVIL,,-1036,,,False,
,CHAPSYN110,,-1036,,,False,
ENSG00000151729,SLC25A4,,-1036,,,False,
ENSG00000103266,STUB1,,-1036,,,False,
,TBPIP,,-1036,,,False,
,KIR23,,-1036,,,False,
ENSG00000151490,PTPRO,"GLEPP1, NPHS6, PTP-U2, PTP-oc, PTPU2",-1036,No,No,True,
ENSG00000101977,MCF2,,-1036,,,False,
ENSG00000126457,PRMT1,,-1036,,,False,
,AES,,-1036,,,False,
ENSG00000100368,CSF2RB,,-1036,,,False,
,NOV,,-1036,,,False,
,CHK,,-1036,,,False,
,SHP,,-1036,,,False,
,PIAS,,-1036,,,False,
,SOCS,,-1036,,,False,
ENSG00000133961,NUMB,,-1036,,,False,
,YOTIAO,,-1036,,,False,
,PTP1D,,-1036,,,False,
ENSG00000177697,CD151,,-1036,,,False,
ENSG00000174804,FZD4,,-1036,,,False,
,SSCAM,,-1036,,,False,
ENSG00000170296,GABARAP,,-1036,,,False,
,GEPHYRIN,,-1036,,,False,
ENSG00000163932,PRKCD,,-1036,,,False,
ENSG00000065243,PKN2,,-1036,,,False,
ENSG00000166963,MAP1A,,-1036,,,False,
,MALS,,-1036,,,False,
ENSG00000100811,YY1,"INO80S, UCRBP, YIN-YANG-1",-1036,Yes,No,True,
ENSG00000138442,WDR12,,-1036,,,False,
ENSG00000168066,SF1,,-1036,,,False,
ENSG00000105229,PIAS4,,-1036,,,False,
,SPAL,,-1036,,,False,
ENSG00000155760,FZD7,,-1036,,,False,
ENSG00000138193,PLCE1,,-1036,,,False,
ENSG00000154016,GRAP,,-1036,,,False,
,MUPP1,,-1036,,,False,
,CIPP,,-1036,,,False,
ENSG00000126756,UXT,,-1036,,,False,
ENSG00000134352,IL6ST,"CD130, GP130, IL-6RB, sGP130",-1036,Yes,No,True,
ENSG00000115641,FHL2,,-1036,,,False,
,NEUROLIGIN,,-1036,,,False,
ENSG00000244405,ETV5,ERM,-1036,Yes,No,True,
,EBP1,,-1036,,,False,
ENSG00000141367,CLTC,"CLTCL2, Hc",-1036,No,No,True,
ENSG00000119878,CRIPT,,-1036,,,False,
ENSG00000115290,GRB14,,-1036,,,False,
ENSG00000128917,DLL4,,-1036,,,False,
,UBC9,,-1036,,,False,
ENSG00000112977,DAP,,-1036,,,False,
ENSG00000105401,CDC37,,-1036,,,False,
ENSG00000101336,HCK,,-1036,,,False,
,YES,,-1036,,,False,
ENSG00000266412,NCOA4,"ARA70, DKFZp762E1112, ELE1, PTC3, RFG",-1036,No,No,True,
,ARA55,,-1036,,,False,
,ARA54,,-1036,,,False,
,ARA160,,-1036,,,False,
ENSG00000140600,SH3GL3,,-1036,,,False,
,APPL,,-1036,,,False,
ENSG00000159216,RUNX1,"AML1, AMLCR1, CBFA2, PEBP2A2",-1036,No,Yes,True,
ENSG00000136807,CDK9,,-1036,,,False,
,14-3-3,,-1036,,,False,
ENSG00000161835,TAMALIN,,-1036,,,False,
,BPAG2,,-1036,,,False,
ENSG00000165699,TSC1,"KIAA0243, TSC, hamartin",-1036,No,Yes,True,
,KV12,,-1036,,,False,
,IP3,,-1036,,,False,
ENSG00000156299,TIAM1,,-1036,,,False,
,NTYPECA,,-1036,,,False,
,KAR,,-1036,,,False,
,AKAP,,-1036,,,False,
,CAVEOLIN,,-1036,,,False,
ENSG00000064300,NGFR,,-1036,,,False,
ENSG00000002330,BAD,,-1036,,,False,
ENSG00000126934,MAP2K2,"MEK2, PRKMK2",-1036,Yes,No,True,
ENSG00000166888,STAT6,"D12S1644, IL-4-STAT",-1036,Yes,No,True,
ENSG00000105639,JAK3,"JAK-3, JAK3_HUMAN, JAKL, L-JAK, LJAK",-1036,Yes,No,True,
,MLK3,,-1036,,,False,
ENSG00000165731,RET,"CDHF12, CDHR16, HSCR1, MEN2A, MEN2B, MTC1, RET51",-1036,Yes,No,True,
,HOMER,,-1036,,,False,
ENSG00000100906,NFKBIA,"IKBA, IkappaBalpha, MAD-3, NFKBI",-1036,No,Yes,True,
ENSG00000106070,GRB10,,-1036,,,False,39223679
ENSG00000196498,NCOR2,"CTG26, SMRT, SMRTE, TNRC14, TRAC-1",-1036,No,No,True,
,CALRETICULIN,,-1036,,,False,
ENSG00000281614,INPP5D,"SHIP, SHIP1, hp51CN",-1036,No,No,True,
ENSG00000196961,AP2A1,,-1036,,,False,
ENSG00000072401,UBE2D1,,-1036,,,False,
,ARNIP,,-1036,,,False,
ENSG00000180772,AGTR2,,-1036,,,False,
,Gia,,-1036,,,False,
ENSG00000144118,RALB,,-1036,,,False,
ENSG00000140396,GRIP1,,-1036,,,False,25295534
ENSG00000124813,RUNX2,"AML3, CBFA1, CCD, CCD1, PEBP2A1, PEBP2aA1",-1036,No,No,True,
,DISHEVELED,,-1036,,,False,37683388
ENSG00000132906,CASP9,,-1036,,,False,
,TIEG2,,-1036,,,False,
ENSG00000151491,EPS8,,-1036,,,False,24106906
,TGIF,,-1036,,,False,
,HERP1,,-1036,,,False,
,CREB,,-1036,,,False,
ENSG00000105723,GSK3A,,-1036,,,False,
ENSG00000125651,RAP74,,-1036,,,False,
ENSG00000104365,IKBKB,"IKK-beta, IKK2, IKKB, NFKBIKB",-1036,No,No,True,
,Miz1,,-1036,,,False,"34038747, 36538983"
ENSG00000033327,GAB2,KIAA0571,-1036,Yes,No,True,"37085900, 22871571"
,p70s6K,,-1036,,,False,
,APS,,-1036,,,False,
ENSG00000135605,TEC,PSCTK4,-1036,No,No,True,
ENSG00000254087,LYN,JTK8,-1036,Yes,No,True,"37271807, 33419562"
ENSG00000185591,SP1,,-1036,,,False,
,WNT,,-1036,,,False,
ENSG00000050748,MAPK9,,-1036,,,False,33392504
ENSG00000170345,FOS,,-1036,,,False,39292359
ENSG00000153094,BCL2L11,"BIM, BOD, BimEL, BimL, BimS",-1036,No,Yes,True,
ENSG00000164045,CDC25A,,-1036,,,False,
ENSG00000095585,BLNK,,-1036,,,False,
ENSG00000010810,FYN,MGC45350,-1036,Yes,No,True,36740671
ENSG00000197122,SRC,"ASV, SRC1, c-src",-1036,Yes,No,True,"37120696, 33123993"
,CYTOCHROMEC,,-1036,,,False,
ENSG00000167371,PKC,,-1036,,,False,"29468974, 11465069, 28571764, 33383102"
ENSG00000166225,FRS2,"FRS2A, FRS2alpha, SNT-1",-1036,Yes,No,True,
,FGFR,,-1036,,,False,
ENSG00000164305,CASP3,,-1036,,,False,"37196719, 29524226."
ENSG00000078018,MAP2,,-1036,,,False,
ENSG00000089250,NOS1,,-1036,,,False,
,SYNAPTOTAGMIN,,-1036,,,False,
,ALPHAACTININ,,-1036,,,False,
,GRIT,,-1036,,,False,
,RIP140,,-1036,,,False,
,PROFILIN,,-1036,,,False,
,mRNA,,-1036,,,False,
ENSG00000166949,SMAD3,"HsT17436, JV15-2, MADH3",-1036,No,Yes,True,"36727462, 34392614"
ENSG00000175220,ARHGAP1,,-1036,,,False,
,SCF,,-1036,,,False,
ENSG00000153317,ASAP1,,-1036,,,False,
ENSG00000136244,IL6,,-1036,,,False,
,MEF2,,-1036,,,False,
,SAP102,,-1036,,,False,
ENSG00000134318,ROCK2,,-1036,,,False,
,EIF4A,,-1036,,,False,
ENSG00000143622,RIT1,"MGC125864, MGC125865, RIBB, RIT, ROC1",-1036,Yes,No,True,
ENSG00000121879,PIK3CA,PI3K,-1036,Yes,No,True,"33801659, 15023437"
ENSG00000198400,NTRK1,"MTC, TRKA",-1036,Yes,No,True,
,KV42,,-1036,,,False,
,KV41,,-1036,,,False,
ENSG00000065559,MAP2K4,"JNKK1, MEK4, MKK4, PRKMK4, SERK1",-1036,No,Yes,True,
,GA,,-1036,,,False,
,MGLUR1,,-1036,,,False,
,DAG,,-1036,,,False,
ENSG00000156052,GNAQ,"G-ALPHA-q, GAQ",-1036,Yes,No,True,
ENSG00000100485,SOS2,,-1036,,,False,
ENSG00000160014,CALM3,,-1036,,,False,
ENSG00000157456,CCNB2,,-1036,,,False,
ENSG00000107262,BAG1,,-1036,,,False,
,AMPHIPHYSIN,,-1036,,,False,
,STARGAZIN,,-1036,,,False,
ENSG00000106991,ENG,,-1036,,,False,
,GAS,,-1036,,,False,
ENSG00000105989,WNT2,,-1036,,,False,
,DD,,-1036,,,False,
,WAVE3,,-1036,,,False,
ENSG00000092969,TGFB2,,-1036,,,False,
,DENSIN,,-1036,,,False,
ENSG00000089159,PXN,,-1036,,,False,29318915
ENSG00000072110,ACTN1,,-1036,,,False,
,WAVE2,,-1036,,,False,
ENSG00000100592,DAAM1,,-1036,,,False,
,FILAMIN,,-1036,,,False,
,ABP1,,-1036,,,False,
ENSG00000203811,H3C14,"H3, H3.2, H3/M, H3/m, H3F2, H3FM, HIST2H3C, MGC9629",-1036,No,No,True,
ENSG00000119699,TGFB3,,-1036,,,False,
ENSG00000117425,PTCH2,,-1036,,,False,
,EIF3S2,,-1036,,,False,
ENSG00000177885,GRB2,,-1036,,,False,38459011
,AXAM2,,-1036,,,False,
ENSG00000188342,RAP30,,-1036,,,False,
,SYNGAP,,-1036,,,False,
,TGFB,,-1036,,,False,
,RICS,,-1036,,,False,
ENSG00000010017,RANBP9,,-1036,,,False,
,VAMP,,-1036,,,False,
ENSG00000069702,TGFBR3,,-1036,,,False,
ENSG00000139567,ACVRL1,,-1036,,,False,
ENSG00000137834,SMAD6,,-1036,,,False,
,RYR,,-1036,,,False,
ENSG00000006125,AP2B1,,-1036,,,False,
ENSG00000131788,PIAS3,,-1036,,,False,
ENSG00000107643,JNK,,-1036,,,False,"30912203, 31994958"
ENSG00000136854,STXBP1,,-1036,,,False,
ENSG00000213658,LAT,,-1052,,,False,
ENSG00000187514,PTMA,,-1052,,,False,
,cAR,,-1058,,,False,
,CK2,,-1058,,,False,
ENSG00000163435,ELF3,"EPR-1, ERT, ESE-1, ESX",-1060,Yes,Yes,True,
,RSK2,,-1062,,,False,
ENSG00000213949,ITGA1,,-1062,,,False,
ENSG00000134982,APC,"DP2.5, PPP1R46",-1062,No,Yes,True,
ENSG00000147010,SH3KBP1,,-1062,,,False,
ENSG00000065526,SPEN,"KIAA0929, MINT, RBM15C, SHARP",-1062,No,Yes,True,
,CK2A2,,-1062,,,False,
ENSG00000146535,GNA12,gep,-1062,Yes,No,True,
ENSG00000187266,EPOR,,-1062,Yes,No,True,"35359375, 28418910"
,Bcl-rambo,,-1062,,,False,
ENSG00000141456,PELP1,,-1062,,,False,
ENSG00000134853,PDGFRA,"CD140a, GAS9, PDGFR2",-1062,Yes,No,True,
,Gai,,-1062,,,False,
,RSK,,-1062,,,False,
ENSG00000112851,ERBIN,,-1062,,,False,
ENSG00000179295,PTPN11,"BPTP3, NS1, PTP2C, SH-PTP2, SHP-2, SHP2",-1062,Yes,No,True,35802774
ENSG00000154229,PKCA,,-1062,,,False,9468546
,Grb7,,-1062,,,False,
,HSP27,,-1062,,,False,
ENSG00000102882,MAPK3,"ERK1, PRKM3, p44erk1, p44mapk",-1062,Yes,No,True,33213267
ENSG00000129515,SNX6,,-1062,,,False,
ENSG00000150093,ITGB1,,-1062,,,False,
ENSG00000102974,CTCF,"CFAP108, FAP108",-1062,No,Yes,True,
ENSG00000167193,CRK,,-1062,,,False,
,RASGAP,,-1062,,,False,
,GROUCHO,,-1062,,,False,
ENSG00000165637,VDAC2,,-1062,,,False,
ENSG00000113558,SKP1,,-1062,,,False,
ENSG00000101966,XIAP,"API3, BIRC4, ILP-1, hILP",-1062,Yes,No,True,
ENSG00000171791,BCL2,"Bcl-2, PPP1R50",-1062,Yes,No,True,
ENSG00000136997,MYC,"MYCC, bHLHe39, c-Myc",-1062,Yes,No,True,"22464321, 34508258"
ENSG00000101412,E2F1,,-1062,,,False,
ENSG00000115415,STAT1,"ISGF-3, STAT91",-1062,No,No,True,"25267067, 29702007"
,7TMR,,-1062,,,False,
,Calpain2,,-1062,,,False,
,Cer,,-1062,,,False,
ENSG00000087088,BAX,BCL2L4,-1062,No,No,True,
,STEP,,-1062,,,False,
ENSG00000146648,EGFR,"ERBB, ERBB1, ERRP",-1062,Yes,No,True,35427766
,PP2A,,-1062,,,False,
ENSG00000143384,MCL1,"BCL2L3, Mcl-1",-1062,Yes,No,True,
,PKA,,-1062,,,False,24212646
,Calpain1,,-1062,,,False,
ENSG00000147044,CASK,,-1062,,,False,
,Bok,,-1062,,,False,
,SYNTAXIN,,-1062,,,False,
,CLATHRIN,,-1062,,,False,
ENSG00000015475,BID,,-1062,,,False,
ENSG00000141736,ERBB2,"CD340, HER-2, HER2, NGL",-1062,Yes,No,True,17471238
ENSG00000198681,MAGEA1,,-1062,,,False,
,PEN2,,-1062,,,False,
,CIR,,-1062,,,False,
ENSG00000185338,SOCS1,"Cish1, JAB, SOCS-1, SSI-1, TIP3",-1062,No,Yes,True,
,GBETAGAMMA,,-1062,,,False,
,LRP,,-1062,,,False,
,DKK,,-1062,,,False,
ENSG00000156076,WIF1,,-1062,No,Yes,True,
ENSG00000145335,SNCA,,-1062,,,False,
ENSG00000097007,ABL1,"ABL, JTK7, c-ABL",-1062,Yes,No,True,31311809
,LEF,,-1062,,,False,
,BAK,,-1062,,,False,
ENSG00000116030,SUMO1,,-1062,,,False,
ENSG00000129538,RAC1,"Rac-1, TC-25, p21-Rac1",-1062,Yes,No,True,"27790713, 39052477"
,FORKHEAD,,-1062,,,False,
,IBR,,-1062,,,False,
ENSG00000026103,FAS,"APO-1, APT1, CD95, FAS1, TNFRSF6",-1062,No,Yes,True,
ENSG00000171552,BCL2L1,"BCL2L, BCLX, Bcl-X, PPP1R52, bcl-xL, bcl-xS",-1062,No,No,True,35184257
ENSG00000284832,POLR2A,,-1062,,,False,
,p85beta,,-1062,,,False,
,SnoN,,-1062,,,False,
ENSG00000074181,NOTCH3,"CADASIL, CASIL",-1062,Yes,Yes,True,
ENSG00000153071,DAB2,,-1062,,,False,
ENSG00000005339,CBP,,-1062,,,False,"15156177, 37995682,"
ENSG00000026508,CD44,,-1062,,,False,
ENSG00000135144,DTX1,"RNF140, hDx-1",-1062,No,Yes,True,
ENSG00000078399,HOXA9,HOX1G,-1062,No,No,True,
,ACTIN,,-1062,,,False,
ENSG00000111145,ELK3,,-1062,,,False,
ENSG00000114423,CBLB,"Cbl-b, RNF56",-1062,No,No,True,"36750253, 33741730"
ENSG00000035403,VCL,,-1062,,,False,29913236
ENSG00000283780,MAML1,,-1062,,,False,
ENSG00000141551,CSNK1D,,-1062,,,False,
ENSG00000144589,STK11IP,,-1062,,,False,
ENSG00000135679,MDM2,"HDM2, MGC5370",-1062,Yes,No,True,
ENSG00000188313,PLSCR1,,-1062,,,False,
ENSG00000196628,TCF4,,-1062,,,False,
ENSG00000132470,ITGB4,,-1062,,,False,
ENSG00000135966,TGFBRAP1,,-1062,,,False,
ENSG00000272886,DCP1A,,-1062,,,False,
,SAP97,,-1062,,,False,
ENSG00000121022,COPS5,,-1062,,,False,
ENSG00000157933,SKI,,-1062,,,False,
,Ca++,,-1062,,,False,"28119804, 39539289"
ENSG00000113575,PPP2CA,,-1062,,,False,
ENSG00000188191,PRKAR1B,,-1062,,,False,
ENSG00000157077,ZFYVE9,,-1062,,,False,
,ZFHX1B,,-1062,,,False,
ENSG00000138134,STAMBPL1,,-1062,,,False,
ENSG00000101665,SMAD7,,-1062,,,False,
ENSG00000163877,SNIP1,,-1062,,,False,
,TOB,,-1062,,,False,
,CRI2,,-1062,,,False,
ENSG00000075891,PAX2,,-1062,,,False,
ENSG00000148498,PARD3,,-1062,,,False,
ENSG00000126883,NUP214,"CAIN, CAN, D9S46E, N214",-1062,Yes,No,True,
ENSG00000124789,NUP153,,-1062,,,False,
ENSG00000185359,HGS,,-1062,,,False,
ENSG00000139352,ASCL1,,-1062,,,False,
ENSG00000028528,SNX1,,-1062,,,False,
,EF1A,,-1062,,,False,
ENSG00000125931,CITED1,,-1062,,,False,
,CALMODULIN,,-1062,,,False,"23958188, 24188867"
,mDIA,,-1062,,,False,
ENSG00000004975,DVL2,,-1062,,,False,
,PIP2,,-1062,,,False,
ENSG00000273529,HES5,,-1062,,,False,
ENSG00000184304,PRKD1,"PKC-mu, PKCM, PKD, PRKCM",-1062,No,No,True,
ENSG00000259207,ITGB3,,-1062,,,False,
,ISRE,,-1062,,,False,
,DOK,,-1062,,,False,
ENSG00000132170,PPARG,"NR1C3, PPARG1, PPARG2, PPARgamma",-1062,Yes,No,True,37334066
,AChE,,-1062,,,False,
,MLC,,-1062,,,False,
ENSG00000127946,HIP1,,-1062,No,No,True,
ENSG00000132639,SNAP25,,-1062,,,False,
,RKIP,,-1062,,,False,
,GRIM19,,-1062,,,False,
,TALIN,,-1062,,,False,
ENSG00000166311,SMPD1,,-1062,,,False,
ENSG00000173757,STAT5B,,-1062,Yes,No,True,38341429
ENSG00000140443,IGF1R,"CD221, IGFIR, IGFR, JTK13, MGC18216",-1062,Yes,No,True,"36373776, 35668527, 38420122"
,MEKK4,,-1062,,,False,
ENSG00000186951,PPARA,,-1062,,,False,"31154022, 36610145"
ENSG00000164867,NOS3,,-1062,,,False,
ENSG00000154764,WNT7A,,-1062,,,False,
ENSG00000169071,ROR2,,-1062,,,False,
ENSG00000114126,TFDP2,,-1062,,,False,
ENSG00000185920,PTCH1,"BCNS, NBCCS, PTCH",-1062,No,Yes,True,
ENSG00000114315,HES1,,-1062,,,False,
ENSG00000141968,VAV1,VAV,-1064,Yes,No,True,35752351
ENSG00000165025,SYK,,-1064,Yes,No,True,25447675
ENSG00000149480,MTA2,,-1064,,,False,
,RAS,,-1064,,,False,
ENSG00000159692,CTBP1,,-1064,,,False,
,RXR,,-1064,,,False,
ENSG00000162434,JAK1,"JAK1A, JAK1B, JTK3",-1064,Yes,Yes,True,"38001065, 31305264"
ENSG00000120899,PTK,,-1064,,,False,26330541
ENSG00000039068,CDH1,"CD324, UVO, uvomorulin",-1064,No,Yes,True,25926721
ENSG00000137975,CLCA2,,-1064,,,False,
ENSG00000144485,HES6,,-1064,,,False,
ENSG00000125743,SNRPD2,,-1064,,,False,
ENSG00000067560,RHOA,"ARH12, ARHA, RHOH12, Rho12",-1064,Yes,No,True,
,MIG6,,-1064,,,False,
ENSG00000095015,MAP3K1,"MAPKKK1, MEKK, MEKK1",-1064,No,Yes,True,
,RAB5,,-1064,,,False,
ENSG00000127947,PTPN12,,-1064,,,False,
ENSG00000149269,PAK1,,-1064,Yes,No,True,
ENSG00000197694,SPTAN1,,-1064,,,False,
ENSG00000102054,RBBP7,,-1064,,,False,
ENSG00000188763,FZD9,,-1064,,,False,
ENSG00000160691,SHC,,-1064,,,False,"35706930, 35601500"
ENSG00000128422,KRT17,,-1064,,,False,
ENSG00000135480,KRT7,,-1064,,,False,
ENSG00000170421,KRT8,,-1064,,,False,
ENSG00000133056,PIK3C2B,"C2-PI3K, PI3K-C2beta",-1064,Yes,No,True,
ENSG00000142208,AKT1,"AKT, PKB, PRKBA, RAC, RAC-alpha",-1064,Yes,No,True,"30808672, 31594388"
,PITPN,,-1064,,,False,
ENSG00000120868,APAF1,,-1064,,,False,
ENSG00000168374,ARF4,,-1064,,,False,
ENSG00000108946,PRKAR1A,"CNC1, PRKAR1, TSE1",-1064,No,Yes,True,
ENSG00000101213,PTK6,BRK,-1064,No,No,True,
ENSG00000182968,SOX1,,-1064,,,False,
ENSG00000131171,SH3BGRL,,-1064,,,False,
ENSG00000103449,SALL1,,-1064,,,False,
ENSG00000284901,RUVBL1,,-1064,,,False,
ENSG00000085832,EPS15,"AF-1P, MLLT5",-1064,No,No,True,
ENSG00000096696,DSP,,-1064,,,False,
ENSG00000160293,VAV2,,-1064,Yes,No,True,
ENSG00000161202,DVL3,,-1064,,,False,
,DYNAMIN,,-1064,,,False,
ENSG00000111424,VDR,,-1064,,,False,
ENSG00000168646,AXIN2,"DKFZp781B0869, MGC126582",-1064,No,Yes,True,
ENSG00000162772,ATF3,,-1064,,,False,
ENSG00000023734,STRAP,,-1064,,,False,
ENSG00000169967,MAP3K2,,-1064,,,False,
ENSG00000100603,SNW1,,-1064,,,False,
ENSG00000284126,SMURF1,,-1064,,,False,
ENSG00000160973,FOXH1,,-1064,,,False,
ENSG00000004897,CDC27,,-1064,,,False,
ENSG00000130177,CDC16,,-1064,,,False,
ENSG00000070808,CAMK2A,,-1064,,,False,"34408002, 32483123"
ENSG00000170365,SMAD1,,-1064,,,False,
ENSG00000071564,TCF3,"E2A, E47, ITF1, MGC129647, MGC129648, VDIR, bHLHb21",-1064,No,Yes,True,
,Idax,,-1064,,,False,
ENSG00000127445,PIN1,,-1064,,,False,
ENSG00000133740,E2F5,,-1064,,,False,
ENSG00000134215,VAV3,,-1064,,,False,
,RNTRE,,-1064,,,False,
ENSG00000111057,KRT18,,-1064,,,False,
ENSG00000198561,CTNND1,,-1064,,,False,
,NICD,,-1064,,,False,29704427
ENSG00000163513,TGFBR2,"MFS2, TBR-ii, TBRII",-1064,No,Yes,True,"38729557, 32628850"
ENSG00000165458,INPPL1,SHIP2,-1064,No,Yes,True,
ENSG00000108061,SHOC2,"KIAA0862, SOC-2, SOC2, SUR-8, SUR8",-1064,Yes,No,True,
ENSG00000101384,JAG1,,-1064,,,False,
,PTP-SL,,-1064,,,False,
,SYNAPSIN,,-1064,,,False,
ENSG00000101346,POFUT1,,-1064,,,False,
,NASCENTCHAIN,,-1064,,,False,
,AP2,,-1064,,,False,
ENSG00000159352,PSMD4,,-1064,,,False,
ENSG00000162337,LRP5,"BMND1, EVR1, EVR4, LR3, LRP7, OPPG, OPS, OPTA1, VBCH2",-1064,Yes,Yes,True,
ENSG00000115738,ID2,,-1064,,,False,
,Ryk,,-1064,,,False,
ENSG00000163430,FSTL1,"FRP, FSL1, OCC-1, OCC1, tsc36",-1064,Yes,No,True,
ENSG00000079387,SENP1,,-1064,,,False,
,BPAG1,,-1064,,,False,
,ZNF259,,-1064,,,False,
,BP75,,-1064,,,False,
ENSG00000162738,VANGL2,,-1064,,,False,
ENSG00000283060,ID3,"HEIR-1, bHLHb25",-1064,No,Yes,True,
ENSG00000163482,STK36,,-1064,,,False,
ENSG00000107882,SUFU,"PRO1280, SUFUH, SUFUXL",-1064,No,Yes,True,
,N-WASP,,-1064,,,False,
ENSG00000064393,HIPK2,,-1064,,,False,
ENSG00000172845,SP3,,-1064,,,False,
ENSG00000071051,NCK2,,-1064,,,False,
ENSG00000136754,ABI1,"ABI-1, E3B1, SSH3BP1",-1064,No,No,True,
,T3R,,-1064,,,False,
,CSL,,-1064,,,False,
ENSG00000125968,ID1,"bHLHb24, dJ857M17.1.2",-1064,Yes,No,True,
,HD,,-1064,,,False,
ENSG00000184557,SOCS3,"CIS3, Cish3, SOCS-3, SSI-3",-1064,No,Yes,True,
ENSG00000157404,KIT,"C-Kit, CD117, PBT, SCFR",-1064,Yes,No,True,36332623
ENSG00000106799,TGFBR1,"ALK-5, ALK5, ESS1, MSSE, TBR-i, TBRI",-1064,No,Yes,True,"25125747, 21461994"
ENSG00000096968,JAK2,JTK10,-1064,Yes,No,True,"34968467, 31511084"
,NCK,,-1064,,,False,
ENSG00000115904,SOS1,GINGF,-1064,Yes,No,True,"36459180, 37042566"
,METS,,-1064,,,False,
,DAX-1,,-1064,,,False,
ENSG00000105976,MET,"DFNB97, HGFR, RCCP2",-1064,Yes,No,True,
ENSG00000148516,ZEB1,,-1064,,,False,
ENSG00000135597,REPS1,,-1064,,,False,
,ICAT,,-1064,,,False,
ENSG00000102871,TRADD,,-1064,,,False,
ENSG00000169032,MAP2K1,"MAPKK1, MEK1, PRKMK1",-1064,Yes,No,True,33774345
,ACK,,-1064,,,False,
ENSG00000055130,CUL1,,-1064,,,False,
,p38,,-1064,,,False,"35141222, 32243890, 33204153"
,IP3R,,-1064,,,False,
,TCF,,-1064,,,False,
,Lgs,,-1064,,,False,
ENSG00000126561,STAT5A,STAT5,-1064,Yes,No,True,37196931
ENSG00000091831,ESR1,"ER-alpha, ESR, Era, NR3A1",-1064,Yes,No,True,"31318440, 34621045, 37864956"
ENSG00000103653,CSK,,-1064,,,False,
,plectin,,-1064,,,False,
ENSG00000092820,EZR,VIL2,-1064,No,No,True,
ENSG00000169398,FAK,,-1064,,,False,30849480
ENSG00000169891,REPS2,,-1064,,,False,
ENSG00000132535,PSD95,,-1064,,,False,36127319
ENSG00000100030,MAPK1,"ERK2, MAPK2, PRKM1, PRKM2, p41mapk",-1064,Yes,No,True,34992144
ENSG00000171105,INSR,CD220,-1064,Yes,No,True,40187002
ENSG00000175387,SMAD2,"JV18-1, MADH2, MADR2",-1064,No,Yes,True,"36216972,  37378449"
ENSG00000285435,H3-4,"H3.4, H3/g, H3FT, H3t, HIST3H3",-1064,No,No,True,
ENSG00000128708,HAT1,,-1064,,,False,
,A-Raf,,-1064,,,False,
ENSG00000109321,AR,"AIS, DHTR, HUMARA, NR3C4, SBMA, SMAX1",-1064,Yes,No,True,22245783
ENSG00000091409,ITGA6,,-1064,,,False,
,PGC1A,,-1064,,,False,
ENSG00000145715,p120,,-1064,,,False,33125148
,SODD,,-1064,,,False,
,RACK,,-1064,,,False,
,NCOR,,-1064,,,False,
,FRIZZLED,,-1064,,,False,
ENSG00000171720,HDAC3,,-1064,,,False,
,Sin3,,-1064,,,False,
ENSG00000196591,HDAC2,"KDAC2, YAF1",-1064,Yes,No,True,
ENSG00000128602,SMO,"FZD11, SMOH",-1064,Yes,No,True,
ENSG00000119383,PTPA,,-1064,,,False,
ENSG00000213923,CSNK1E,,-1064,,,False,
,GFR,,-1064,,,False,
,Gbg,,-1064,,,False,
ENSG00000109458,GAB1,DFNB26,-1064,Yes,No,True,
,PI3Ky,,-1064,,,False,
,PLD,,-1064,,,False,
